group,method,n,emotion_accuracy,target_emotion_score,emotion_similarity,emotion_similarity_11class,fact_consistency
01_fact_prompt_only,fact-only,1103,0.2357207615593835,0.24138864574305133,0.48898397525561366,0.5711607550077076,0.36435252630521686
01_fact_prompt_only,emotion-only,1103,0.22665457842248413,0.23295196254024408,0.47118048856950157,0.5493826507677257,0.30678303402199103
01_fact_prompt_only,concat-sum,1103,0.23118766999093382,0.23751883319620648,0.48714306250008554,0.5686562739794775,0.3607747090556532
01_fact_prompt_only,similarity-product,1103,0.23118766999093382,0.23788440542666353,0.48611722608854285,0.5683609816819474,0.3665364358858805
01_fact_prompt_only,two-stage,1103,0.2357207615593835,0.24138864748263186,0.48898397391393494,0.57116075693769,0.36435252630521686
02_memory_retrieved_emotion_label,fact-only,1103,0.30915684496826834,0.32529388714312274,0.5085105388497061,0.6081457483474121,0.4035877621444477
02_memory_retrieved_emotion_label,emotion-only,1103,0.25022665457842247,0.2582782678636615,0.4763320956855391,0.5423399298605935,0.31193466636395834
02_memory_retrieved_emotion_label,concat-sum,1103,0.3109700815956482,0.3281081032455124,0.5149632086073904,0.6124701867076794,0.398173489613946
02_memory_retrieved_emotion_label,similarity-product,1103,0.3100634632819583,0.3276541714933519,0.5126339885484721,0.6117115783326139,0.3964986019616668
02_memory_retrieved_emotion_label,two-stage,1103,0.2910244786944696,0.30978168423650854,0.5165318567955955,0.617758524919508,0.39929459342156465
03_memory_oracle_emotion_label,fact-only,1103,0.3272892112420671,0.34459516273258195,0.5235932010626175,0.6356061802698251,0.41190909595551406
03_memory_oracle_emotion_label,emotion-only,1103,0.329102447869447,0.3298618964211199,0.5100647007889458,0.6116234234074875,0.34631468116301733
03_memory_oracle_emotion_label,concat-sum,1103,0.329102447869447,0.3467190251248198,0.5266139383794248,0.6337887891998865,0.40752717807895134
03_memory_oracle_emotion_label,similarity-product,1103,0.3300090661831369,0.34665628481240046,0.5261828998362954,0.6349239286849256,0.406502812934167
03_memory_oracle_emotion_label,two-stage,1103,0.3272892112420671,0.3445951627012353,0.523593198776951,0.63560618024365,0.41190909595551406
04_normal_multilayer_steering,fact-only,1103,0.43789664551223934,0.4095166166775699,0.542673193689196,0.6335738669272009,0.3651131503848705
04_normal_multilayer_steering,emotion-only,1103,0.30371713508612874,0.29677526611824845,0.47585713465259843,0.5346570104235616,0.2823118284516222
04_normal_multilayer_steering,concat-sum,1103,0.43608340888485947,0.4056631162411602,0.5445429816451988,0.6362898208079345,0.362823643275709
04_normal_multilayer_steering,similarity-product,1103,0.43608340888485947,0.40686491110056244,0.5447111124365319,0.6357529322989961,0.3591916625730814
04_normal_multilayer_steering,two-stage,1103,0.3925657298277425,0.37680441416103005,0.5551732284010997,0.6414970665125654,0.3730111119768739
05_oracle_multilayer_steering,fact-only,1103,0.4732547597461469,0.4437490188196244,0.5666004723767097,0.669849488210416,0.36962965987347135
05_oracle_multilayer_steering,emotion-only,1103,0.5004533091568449,0.4432465547860616,0.5761968452037597,0.6730638922902258,0.306624713655854
05_oracle_multilayer_steering,concat-sum,1103,0.4759746146872167,0.44094058199791347,0.5682486162393448,0.6705981964272458,0.3715843581707789
05_oracle_multilayer_steering,similarity-product,1103,0.4732547597461469,0.44111050628274484,0.5673642929623128,0.6713270607910179,0.36937079349853735
05_oracle_multilayer_steering,two-stage,1103,0.4732547597461469,0.44374901955252377,0.5666004711777269,0.6698494901574966,0.36962965987347135
06_normal_npti,fact-only,1103,0.30099728014505894,0.3111238177802523,0.5223685325248334,0.6123374791261559,0.38731023566215167
06_normal_npti,emotion-only,1103,0.24478694469628287,0.2500571344512813,0.4767427339006624,0.5572906983927642,0.30108380427737014
06_normal_npti,concat-sum,1103,0.3019038984587489,0.31089492445276096,0.5262039982965376,0.6168381576812619,0.3883178135536315
06_normal_npti,similarity-product,1103,0.30099728014505894,0.31082316943361354,0.526575332655253,0.6165690756551094,0.3919928955120459
06_normal_npti,two-stage,1103,0.2901178603807797,0.3015836087967512,0.5275592459606366,0.6205854634627707,0.3897141162107515
07_oracle_npti,fact-only,1103,0.3100634632819583,0.3256749419493036,0.5325700681806894,0.6371482081123622,0.3911812065457826
07_oracle_npti,emotion-only,1103,0.2937443336355394,0.31136793238112426,0.5101485446193411,0.6208612358827458,0.304103609360703
07_oracle_npti,concat-sum,1103,0.314596554850408,0.32719514418139223,0.5355578590436068,0.6367766604161841,0.3932560115544511
07_oracle_npti,similarity-product,1103,0.31368993653671806,0.3267630453755343,0.5340624310596359,0.6367343727918047,0.3947416255099249
07_oracle_npti,two-stage,1103,0.3100634632819583,0.3256749424612988,0.5325700698423783,0.6371482062894017,0.3911812065457826
