analysis,metric,comparison,n,n_a_correct_b_wrong,n_a_wrong_b_correct,discordant_n,p_value_exact_two_sided
retrieval_key_comparison,exact_recall_at1,concat-sum_vs_fact-only,1103,25,19,44,0.4513808323961257
retrieval_key_comparison,binding_at1,two-stage_vs_fact-only,1103,0,199,199,2.4892061111444567e-60
normal_oracle,emotion_accuracy,oracle_multilayer_vs_normal_multilayer:fact-only,1103,48,9,57,1.520195229143262e-07
normal_oracle,emotion_accuracy,oracle_multilayer_vs_normal_multilayer:emotion-only,1103,236,19,255,8.224594955174643e-49
normal_oracle,emotion_accuracy,oracle_multilayer_vs_normal_multilayer:concat-sum,1103,48,4,52,1.3065282189472782e-10
normal_oracle,emotion_accuracy,oracle_multilayer_vs_normal_multilayer:similarity-product,1103,48,7,55,1.3087586125948292e-08
normal_oracle,emotion_accuracy,oracle_multilayer_vs_normal_multilayer:two-stage,1103,102,13,115,2.687543585380812e-18
normal_oracle,emotion_accuracy,oracle_npti_vs_normal_npti:fact-only,1103,25,15,40,0.1538599441628321
normal_oracle,emotion_accuracy,oracle_npti_vs_normal_npti:emotion-only,1103,97,43,140,5.815464798668553e-06
normal_oracle,emotion_accuracy,oracle_npti_vs_normal_npti:concat-sum,1103,25,11,36,0.028816719655878842
normal_oracle,emotion_accuracy,oracle_npti_vs_normal_npti:similarity-product,1103,26,12,38,0.03355243967962451
normal_oracle,emotion_accuracy,oracle_npti_vs_normal_npti:two-stage,1103,45,23,68,0.01033766119369546
