analysis,metric,comparison,n,estimate_diff,ci_low,ci_high,bootstrap_iterations,seed
retrieval_key_comparison,exact_recall_at1,concat-sum_minus_fact-only,1103,0.005439709882139619,-0.006346328195829556,0.017225747960108794,10000,20260928
retrieval_key_comparison,binding_at1,two-stage_minus_fact-only,1103,-0.18041704442429737,-0.20398912058023572,-0.1586582048957389,10000,20260928
normal_oracle,emotion_accuracy,oracle_multilayer_minus_normal_multilayer:fact-only,1103,0.03535811423390753,0.021758839528558477,0.04895738893925657,10000,20260928
normal_oracle,target_emotion_score,oracle_multilayer_minus_normal_multilayer:fact-only,1103,0.034232402142054544,0.026091896418371455,0.042759599169755136,10000,20260928
normal_oracle,emotion_similarity_1,oracle_multilayer_minus_normal_multilayer:fact-only,1103,0.023927278687513803,0.01609907752681432,0.03194660104031008,10000,20260928
normal_oracle,fact_consistency_score_1,oracle_multilayer_minus_normal_multilayer:fact-only,1103,0.004516509488600827,-0.004670983201871247,0.013424023800749307,10000,20260928
normal_oracle,emotion_accuracy,oracle_multilayer_minus_normal_multilayer:emotion-only,1103,0.19673617407071622,0.17044424297370808,0.22212148685403446,10000,20260928
normal_oracle,target_emotion_score,oracle_multilayer_minus_normal_multilayer:emotion-only,1103,0.14647128866781317,0.13097016137155815,0.16162937700716437,10000,20260928
normal_oracle,emotion_similarity_1,oracle_multilayer_minus_normal_multilayer:emotion-only,1103,0.10033971055116123,0.08442810120473507,0.11627400768578815,10000,20260928
normal_oracle,fact_consistency_score_1,oracle_multilayer_minus_normal_multilayer:emotion-only,1103,0.024312885204231773,0.004691826157921725,0.04357241446154937,10000,20260928
normal_oracle,emotion_accuracy,oracle_multilayer_minus_normal_multilayer:concat-sum,1103,0.03989120580235721,0.027198549410698096,0.05258386219401632,10000,20260928
normal_oracle,target_emotion_score,oracle_multilayer_minus_normal_multilayer:concat-sum,1103,0.03527746575675332,0.02743971284062874,0.04320954851239153,10000,20260928
normal_oracle,emotion_similarity_1,oracle_multilayer_minus_normal_multilayer:concat-sum,1103,0.023705634594146003,0.016388918532346523,0.031249419949587402,10000,20260928
normal_oracle,fact_consistency_score_1,oracle_multilayer_minus_normal_multilayer:concat-sum,1103,0.008760714895069893,0.0009952586983688187,0.01701347418809281,10000,20260928
normal_oracle,emotion_accuracy,oracle_multilayer_minus_normal_multilayer:similarity-product,1103,0.0371713508612874,0.024478694469628286,0.050770625566636446,10000,20260928
normal_oracle,target_emotion_score,oracle_multilayer_minus_normal_multilayer:similarity-product,1103,0.0342455951821824,0.026499543603209812,0.04230775487412921,10000,20260928
normal_oracle,emotion_similarity_1,oracle_multilayer_minus_normal_multilayer:similarity-product,1103,0.02265318052578086,0.015216726904223292,0.03060158580676285,10000,20260928
normal_oracle,fact_consistency_score_1,oracle_multilayer_minus_normal_multilayer:similarity-product,1103,0.010179130925455965,0.0023310416133584264,0.018336926396468393,10000,20260928
normal_oracle,emotion_accuracy,oracle_multilayer_minus_normal_multilayer:two-stage,1103,0.08068902991840435,0.06255666364460562,0.09972801450589303,10000,20260928
normal_oracle,target_emotion_score,oracle_multilayer_minus_normal_multilayer:two-stage,1103,0.06694460539149369,0.05517370629736289,0.0790227045065369,10000,20260928
normal_oracle,emotion_similarity_1,oracle_multilayer_minus_normal_multilayer:two-stage,1103,0.01142724277662723,0.0002960015847816303,0.02248219493696346,10000,20260928
normal_oracle,fact_consistency_score_1,oracle_multilayer_minus_normal_multilayer:two-stage,1103,-0.003381452103402579,-0.017312285068886227,0.01034632402198479,10000,20260928
normal_oracle,emotion_accuracy,oracle_npti_minus_normal_npti:fact-only,1103,0.009066183136899365,-0.001813236627379873,0.019945602901178604,10000,20260928
normal_oracle,target_emotion_score,oracle_npti_minus_normal_npti:fact-only,1103,0.014551124169051324,0.00895745994957535,0.020261809583482098,10000,20260928
normal_oracle,emotion_similarity_1,oracle_npti_minus_normal_npti:fact-only,1103,0.010201535655855997,0.003279355007123729,0.017442414777470345,10000,20260928
normal_oracle,fact_consistency_score_1,oracle_npti_minus_normal_npti:fact-only,1103,0.0038709708836309276,-0.006032943347096955,0.013958971252709212,10000,20260928
normal_oracle,emotion_accuracy,oracle_npti_minus_normal_npti:emotion-only,1103,0.04895738893925657,0.028105167724388033,0.06980961015412511,10000,20260928
normal_oracle,target_emotion_score,oracle_npti_minus_normal_npti:emotion-only,1103,0.06131079792984295,0.04893544115697088,0.07366192280043811,10000,20260928
normal_oracle,emotion_similarity_1,oracle_npti_minus_normal_npti:emotion-only,1103,0.03340581071867877,0.019218448652119184,0.04768895029627776,10000,20260928
normal_oracle,fact_consistency_score_1,oracle_npti_minus_normal_npti:emotion-only,1103,0.003019805083332916,-0.017562417998982848,0.023366086640263444,10000,20260928
normal_oracle,emotion_accuracy,oracle_npti_minus_normal_npti:concat-sum,1103,0.012692656391659111,0.001813236627379873,0.02357207615593835,10000,20260928
normal_oracle,target_emotion_score,oracle_npti_minus_normal_npti:concat-sum,1103,0.01630021972863125,0.010873061110184443,0.022036031948807596,10000,20260928
normal_oracle,emotion_similarity_1,oracle_npti_minus_normal_npti:concat-sum,1103,0.00935386074706912,0.002279051263440495,0.016695336557062235,10000,20260928
normal_oracle,fact_consistency_score_1,oracle_npti_minus_normal_npti:concat-sum,1103,0.004938198000819628,-0.0050718622263532034,0.015184689370299619,10000,20260928
normal_oracle,emotion_accuracy,oracle_npti_minus_normal_npti:similarity-product,1103,0.012692656391659111,0.001813236627379873,0.02357207615593835,10000,20260928
normal_oracle,target_emotion_score,oracle_npti_minus_normal_npti:similarity-product,1103,0.015939875941920742,0.010385242311583111,0.021715699138383886,10000,20260928
normal_oracle,emotion_similarity_1,oracle_npti_minus_normal_npti:similarity-product,1103,0.007487098404382805,0.00034804140675242183,0.014765349272782098,10000,20260928
normal_oracle,fact_consistency_score_1,oracle_npti_minus_normal_npti:similarity-product,1103,0.002748729997879016,-0.006846719136435091,0.012619670525971061,10000,20260928
normal_oracle,emotion_accuracy,oracle_npti_minus_normal_npti:two-stage,1103,0.019945602901178604,0.005439709882139619,0.03445149592021759,10000,20260928
normal_oracle,target_emotion_score,oracle_npti_minus_normal_npti:two-stage,1103,0.024091333664547573,0.016579111529167637,0.03185345884755414,10000,20260928
normal_oracle,emotion_similarity_1,oracle_npti_minus_normal_npti:two-stage,1103,0.0050108238817416365,-0.004832154199086697,0.015200238351955846,10000,20260928
normal_oracle,fact_consistency_score_1,oracle_npti_minus_normal_npti:two-stage,1103,0.0014670903350310805,-0.013724857531100297,0.016681563401179825,10000,20260928
