analysis,metric,group,method,n,estimate,ci_low,ci_high,bootstrap_iterations,seed
retrieval,exact_recall_at1,normal_retrieval,fact-only,1103,0.7162284678150499,0.6890299184043518,0.742520398912058,10000,20260928
retrieval,affect_recovery_accuracy,normal_retrieval,fact-only,1103,0.8132366273798731,0.7896645512239348,0.8359020852221215,10000,20260928
retrieval,binding_at1,normal_retrieval,fact-only,1103,0.7162284678150499,0.6890299184043518,0.742520398912058,10000,20260928
retrieval,uar_legacy_event_wrong_affect_correct,normal_retrieval,fact-only,1103,0.09700815956482321,0.07978241160471441,0.11514052583862194,10000,20260928
retrieval,exact_recall_at1,normal_retrieval,emotion-only,1103,0.044424297370806894,0.032638259292837715,0.057116953762466005,10000,20260928
retrieval,affect_recovery_accuracy,normal_retrieval,emotion-only,1103,0.28649138712601996,0.2601994560290118,0.31368993653671806,10000,20260928
retrieval,binding_at1,normal_retrieval,emotion-only,1103,0.044424297370806894,0.032638259292837715,0.057116953762466005,10000,20260928
retrieval,uar_legacy_event_wrong_affect_correct,normal_retrieval,emotion-only,1103,0.24206708975521304,0.21758839528558477,0.26745240253853125,10000,20260928
retrieval,exact_recall_at1,normal_retrieval,concat-sum,1103,0.7216681776971895,0.6944696282864914,0.7479601087941976,10000,20260928
retrieval,affect_recovery_accuracy,normal_retrieval,concat-sum,1103,0.8241160471441523,0.8014505893019039,0.8467815049864007,10000,20260928
retrieval,binding_at1,normal_retrieval,concat-sum,1103,0.7216681776971895,0.6944696282864914,0.7479601087941976,10000,20260928
retrieval,uar_legacy_event_wrong_affect_correct,normal_retrieval,concat-sum,1103,0.10244786944696282,0.0843155031731641,0.12058023572076156,10000,20260928
retrieval,exact_recall_at1,normal_retrieval,similarity-product,1103,0.7207615593834995,0.6944696282864914,0.7470534904805077,10000,20260928
retrieval,affect_recovery_accuracy,normal_retrieval,similarity-product,1103,0.8213961922030825,0.7987307343608341,0.844061650045331,10000,20260928
retrieval,binding_at1,normal_retrieval,similarity-product,1103,0.7207615593834995,0.6944696282864914,0.7470534904805077,10000,20260928
retrieval,uar_legacy_event_wrong_affect_correct,normal_retrieval,similarity-product,1103,0.10063463281958296,0.08340888485947416,0.11876699909338169,10000,20260928
retrieval,exact_recall_at1,normal_retrieval,two-stage,1103,0.7162284678150499,0.6890299184043518,0.742520398912058,10000,20260928
retrieval,affect_recovery_accuracy,normal_retrieval,two-stage,1103,0.6373526745240253,0.6083408884859474,0.6654578422484134,10000,20260928
retrieval,binding_at1,normal_retrieval,two-stage,1103,0.5358114233907525,0.5067996373526745,0.5648232094288305,10000,20260928
retrieval,uar_legacy_event_wrong_affect_correct,normal_retrieval,two-stage,1103,0.10154125113327289,0.0843155031731641,0.11967361740707162,10000,20260928
