method,recall,n,fact_score_mean,fact_score_median,fact_score_std,fact_score_min,fact_score_max,emotion_score_mean,emotion_score_median,emotion_score_std,emotion_score_min,emotion_score_max
fact-only,correct,790,0.7860003521170797,0.7870144546031952,0.07084758768479962,0.6043181419372559,0.9474402666091919,0.9743534118314333,0.9804540574550629,0.022273775838921754,0.8231231570243835,0.9991170167922974
fact-only,wrong,313,0.6943302805812214,0.6941545009613037,0.04734477616701781,0.5448496341705322,0.8489840626716614,0.9656791833642954,0.9735471606254578,0.02544878078491771,0.8080845475196838,0.9978743195533752
emotion-only,correct,49,0.7865680048660356,0.8107155561447144,0.1037034696925384,0.44101080298423767,0.9269381165504456,0.9943517689802208,0.9957377314567566,0.003928114433711614,0.9851841926574707,0.9991170167922974
emotion-only,wrong,1054,0.40466870392974913,0.4018458425998688,0.09118436443470028,0.11446385085582733,0.6686204671859741,0.9933429058973432,0.9941272735595703,0.0035958938017535053,0.9742968082427979,0.9989126920700073
concat-sum,correct,796,0.7840873883597216,0.7854227423667908,0.07287733209712921,0.5411409139633179,0.9474402666091919,0.9759332995917929,0.9810112714767456,0.019918537890035233,0.8231232166290283,0.9991170167922974
concat-sum,wrong,307,0.6912862037214472,0.6882568597793579,0.047648485208523036,0.5706654191017151,0.8489840626716614,0.9779911559645439,0.9805644154548645,0.012042544694836626,0.9211052656173706,0.9978743195533752
similarity-product,correct,795,0.7843803516723825,0.7855418920516968,0.07263094700281071,0.5411409139633179,0.9474402666091919,0.9757233553712473,0.980910062789917,0.02026203021650206,0.8231232166290283,0.9991170167922974
similarity-product,wrong,308,0.6929297631050085,0.69142085313797,0.04727526641976899,0.5706654191017151,0.8489840626716614,0.9760470748334736,0.9790030419826508,0.014445678098255543,0.8873889446258545,0.9978743195533752
two-stage,correct,790,0.7860003521170797,0.7870144546031952,0.07084758768479962,0.6043181419372559,0.9474402666091919,0.9743534131140649,0.98045414686203,0.022273778427667982,0.8231232166290283,0.9991170167922974
two-stage,wrong,313,0.6943302805812214,0.6941545009613037,0.04734477616701781,0.5448496341705322,0.8489840626716614,0.9656791774609599,0.9735471606254578,0.0254487751575518,0.8080846071243286,0.9978743195533752
all,correct,3220,0.785136127110964,0.7865567207336426,0.072350767546706,0.44101080298423767,0.9474402666091919,0.9753865224789389,0.9809938669204712,0.021184628068886064,0.8231231570243835,0.9991170167922974
all,wrong,2295,0.5607053599845869,0.6309760808944702,0.16036450226634494,0.11446385085582733,0.8489840626716614,0.9814223850474638,0.9877809882164001,0.019176864672916193,0.8080845475196838,0.9989126920700073
