generation_family,generation_condition,event_source,emotion_source,n_per_method,retrieval_methods,full_oracle_shared,emotion_accuracy,target_emotion_score,emotion_similarity,original_text_entailment
emotion-label,Normal,normal,normal,1103,5,False,0.2942883046237534,0.30982322279643143,0.5057943376973406,0.38189782270111666
emotion-label,Oracle Emotion,normal,oracle,1103,5,False,0.328558476881233,0.34248550635843145,0.5220095877688469,0.3968325728174328
emotion-label,Oracle Event,oracle,normal,1103,5,False,0.29936536718041706,0.31170875168687173,0.5130561451583,0.4135993254557933
emotion-label,Full Oracle,oracle,oracle,1103,5,True,0.3318223028105168,0.3412369194273573,0.5260810572138953,0.41928550425956435
multilayer-vector,Normal,normal,normal,1103,5,False,0.4012692656391659,0.3791248648597142,0.532591530164925,0.34849027933243143
multilayer-vector,Oracle Emotion,normal,oracle,1103,5,False,0.4792384406165005,0.44255913628777355,0.5690021395919708,0.3573678370144226
multilayer-vector,Oracle Event,oracle,normal,1103,5,False,0.3929283771532185,0.379111063557319,0.5349769538105487,0.37724583144788093
multilayer-vector,Full Oracle,oracle,oracle,1103,5,True,0.47506799637352676,0.44423004114896514,0.5681011879847048,0.383469753586256
npti,Normal,normal,normal,1103,5,False,0.28776065276518586,0.29689653098293184,0.5158899686675846,0.3716837730431902
npti,Oracle Emotion,normal,oracle,1103,5,False,0.3084315503173164,0.32333520126973064,0.5289817945491303,0.3748927319033289
npti,Oracle Event,oracle,normal,1103,5,False,0.2979147778785131,0.3054478410134357,0.5241921484684833,0.3973245205376246
npti,Full Oracle,oracle,oracle,1103,5,True,0.3254759746146872,0.33177201721315075,0.5393291442534285,0.4043429821213166
