generation_family,retrieval_method,metric,definition,n_pairs,point_estimate,ci_95_low,ci_95_high,bootstrap_replicates,bootstrap_seed
emotion-label,fact-only,emotion_accuracy,(Full Oracle - Oracle Event) - (Oracle Emotion - Normal),1103,0.001813236627379873,-0.010879419764279238,0.015412511332728921,5000,20260929
emotion-label,fact-only,target_emotion_score,(Full Oracle - Oracle Event) - (Oracle Emotion - Normal),1103,-0.002172899182920926,-0.00894880207623278,0.004328903763286953,5000,20260929
emotion-label,fact-only,emotion_similarity,(Full Oracle - Oracle Event) - (Oracle Emotion - Normal),1103,-0.0011788111518653058,-0.009256994627067415,0.006589542851291076,5000,20260929
emotion-label,fact-only,original_text_entailment,(Full Oracle - Oracle Event) - (Oracle Emotion - Normal),1103,-0.011805432842457997,-0.024546011342742615,0.0005466249084016289,5000,20260929
emotion-label,emotion-only,emotion_accuracy,(Full Oracle - Oracle Event) - (Oracle Emotion - Normal),1103,-0.004533091568449683,-0.03173164097914778,0.02085222121486854,5000,20260929
emotion-label,emotion-only,target_emotion_score,(Full Oracle - Oracle Event) - (Oracle Emotion - Normal),1103,-0.0022411791913868676,-0.015083814249402997,0.01057358157487031,5000,20260929
emotion-label,emotion-only,emotion_similarity,(Full Oracle - Oracle Event) - (Oracle Emotion - Normal),1103,-0.009104343230396186,-0.02403024722923755,0.005887946096033189,5000,20260929
emotion-label,emotion-only,original_text_entailment,(Full Oracle - Oracle Event) - (Oracle Emotion - Normal),1103,-0.00701934728609939,-0.03071719469306543,0.016499431259751205,5000,20260929
emotion-label,concat-sum,emotion_accuracy,(Full Oracle - Oracle Event) - (Oracle Emotion - Normal),1103,-0.0027198549410698096,-0.014505893019038985,0.009066183136899365,5000,20260929
emotion-label,concat-sum,target_emotion_score,(Full Oracle - Oracle Event) - (Oracle Emotion - Normal),1103,-0.004141102821067152,-0.010571908341865402,0.0021792320581989467,5000,20260929
emotion-label,concat-sum,emotion_similarity,(Full Oracle - Oracle Event) - (Oracle Emotion - Normal),1103,-0.00018695632674657856,-0.007785037650025077,0.00703116779335743,5000,20260929
emotion-label,concat-sum,original_text_entailment,(Full Oracle - Oracle Event) - (Oracle Emotion - Normal),1103,-0.010504197230374594,-0.022656906090172492,0.001208826661563452,5000,20260929
emotion-label,similarity-product,emotion_accuracy,(Full Oracle - Oracle Event) - (Oracle Emotion - Normal),1103,-0.004533091568449683,-0.017225747960108794,0.008159564823209429,5000,20260929
emotion-label,similarity-product,target_emotion_score,(Full Oracle - Oracle Event) - (Oracle Emotion - Normal),1103,-0.004231168516518519,-0.010810982450719212,0.0021961608897556437,5000,20260929
emotion-label,similarity-product,emotion_similarity,(Full Oracle - Oracle Event) - (Oracle Emotion - Normal),1103,-0.0020056050393227167,-0.010148453541407792,0.005478918102758985,5000,20260929
emotion-label,similarity-product,original_text_entailment,(Full Oracle - Oracle Event) - (Oracle Emotion - Normal),1103,-0.010832495528403315,-0.022422134051642142,0.0008945570156079402,5000,20260929
emotion-label,two-stage,emotion_accuracy,(Full Oracle - Oracle Event) - (Oracle Emotion - Normal),1103,0.0009066183136899365,-0.011786038077969175,0.013599274705349048,5000,20260929
emotion-label,two-stage,target_emotion_score,(Full Oracle - Oracle Event) - (Oracle Emotion - Normal),1103,-0.0028842293956791534,-0.009326286492829811,0.0034364018571401422,5000,20260929
emotion-label,two-stage,emotion_similarity,(Full Oracle - Oracle Event) - (Oracle Emotion - Normal),1103,-0.003475974331224035,-0.011761173413511692,0.004235968936700373,5000,20260929
emotion-label,two-stage,original_text_entailment,(Full Oracle - Oracle Event) - (Oracle Emotion - Normal),1103,-0.00608138367538961,-0.018628129175728498,0.0062308072338071825,5000,20260929
multilayer-vector,fact-only,emotion_accuracy,(Full Oracle - Oracle Event) - (Oracle Emotion - Normal),1103,0.015412511332728921,-0.0009066183136899365,0.030825022665457842,5000,20260929
multilayer-vector,fact-only,target_emotion_score,(Full Oracle - Oracle Event) - (Oracle Emotion - Normal),1103,0.0024447241911081156,-0.004894256951399371,0.009669955652186812,5000,20260929
multilayer-vector,fact-only,emotion_similarity,(Full Oracle - Oracle Event) - (Oracle Emotion - Normal),1103,0.0017185236596699099,-0.0060605641757792445,0.009520895722751077,5000,20260929
multilayer-vector,fact-only,original_text_entailment,(Full Oracle - Oracle Event) - (Oracle Emotion - Normal),1103,-0.003542786638190377,-0.01640472772488512,0.009511041135782718,5000,20260929
multilayer-vector,emotion-only,emotion_accuracy,(Full Oracle - Oracle Event) - (Oracle Emotion - Normal),1103,-0.03535811423390753,-0.06618313689936536,-0.004533091568449683,5000,20260929
multilayer-vector,emotion-only,target_emotion_score,(Full Oracle - Oracle Event) - (Oracle Emotion - Normal),1103,-0.005387601431077963,-0.020918609279959414,0.010439426375260694,5000,20260929
multilayer-vector,emotion-only,emotion_similarity,(Full Oracle - Oracle Event) - (Oracle Emotion - Normal),1103,-0.018618230999667782,-0.036675058443040996,-0.0006884845160602251,5000,20260929
multilayer-vector,emotion-only,original_text_entailment,(Full Oracle - Oracle Event) - (Oracle Emotion - Normal),1103,0.005489306019010433,-0.019809409769045293,0.031942667968707976,5000,20260929
multilayer-vector,concat-sum,emotion_accuracy,(Full Oracle - Oracle Event) - (Oracle Emotion - Normal),1103,0.011786038077969175,-0.0027198549410698096,0.025385312783318223,5000,20260929
multilayer-vector,concat-sum,target_emotion_score,(Full Oracle - Oracle Event) - (Oracle Emotion - Normal),1103,0.004731292155607589,-0.001547941777761804,0.010948400994527045,5000,20260929
multilayer-vector,concat-sum,emotion_similarity,(Full Oracle - Oracle Event) - (Oracle Emotion - Normal),1103,-0.0002517503384814842,-0.007204429253577808,0.00634475324200744,5000,20260929
multilayer-vector,concat-sum,original_text_entailment,(Full Oracle - Oracle Event) - (Oracle Emotion - Normal),1103,-0.007131183049502495,-0.017391419827552795,0.0036761038627274867,5000,20260929
multilayer-vector,similarity-product,emotion_accuracy,(Full Oracle - Oracle Event) - (Oracle Emotion - Normal),1103,0.013599274705349048,-0.0009066183136899365,0.028105167724388033,5000,20260929
multilayer-vector,similarity-product,target_emotion_score,(Full Oracle - Oracle Event) - (Oracle Emotion - Normal),1103,0.004568723268074035,-0.001983675175328069,0.011002625544524714,5000,20260929
multilayer-vector,similarity-product,emotion_similarity,(Full Oracle - Oracle Event) - (Oracle Emotion - Normal),1103,-0.0001184854821951305,-0.007181509210181811,0.0069184679855910855,5000,20260929
multilayer-vector,similarity-product,original_text_entailment,(Full Oracle - Oracle Event) - (Oracle Emotion - Normal),1103,-0.009253335261617911,-0.020453289314307403,0.002000948708304766,5000,20260929
multilayer-vector,two-stage,emotion_accuracy,(Full Oracle - Oracle Event) - (Oracle Emotion - Normal),1103,0.015412511332728921,0.0009066183136899365,0.029918404351767906,5000,20260929
multilayer-vector,two-stage,target_emotion_score,(Full Oracle - Oracle Event) - (Oracle Emotion - Normal),1103,0.002066392634221853,-0.005206682482946308,0.009235995763609407,5000,20260929
multilayer-vector,two-stage,emotion_similarity,(Full Oracle - Oracle Event) - (Oracle Emotion - Normal),1103,0.0008380668962261187,-0.006483957560286297,0.008279763405626686,5000,20260929
multilayer-vector,two-stage,original_text_entailment,(Full Oracle - Oracle Event) - (Oracle Emotion - Normal),1103,0.0011698212122198673,-0.011400124444396646,0.013621236243431244,5000,20260929
npti,fact-only,emotion_accuracy,(Full Oracle - Oracle Event) - (Oracle Emotion - Normal),1103,0.008159564823209429,-0.004533091568449683,0.02085222121486854,5000,20260929
npti,fact-only,target_emotion_score,(Full Oracle - Oracle Event) - (Oracle Emotion - Normal),1103,-0.0008896960479138522,-0.008485107114902942,0.006537735459405638,5000,20260929
npti,fact-only,emotion_similarity,(Full Oracle - Oracle Event) - (Oracle Emotion - Normal),1103,0.0020366397522497966,-0.006297014376586801,0.010414738439830687,5000,20260929
npti,fact-only,original_text_entailment,(Full Oracle - Oracle Event) - (Oracle Emotion - Normal),1103,0.002376339719568243,-0.011059825155295295,0.016082681176413847,5000,20260929
npti,emotion-only,emotion_accuracy,(Full Oracle - Oracle Event) - (Oracle Emotion - Normal),1103,0.012692656391659111,-0.014505893019038985,0.038984587488667274,5000,20260929
npti,emotion-only,target_emotion_score,(Full Oracle - Oracle Event) - (Oracle Emotion - Normal),1103,0.003045385560880568,-0.010173765851711338,0.01633316985577945,5000,20260929
npti,emotion-only,emotion_similarity,(Full Oracle - Oracle Event) - (Oracle Emotion - Normal),1103,-0.0014653927346831653,-0.01813029604826751,0.015208571121803335,5000,20260929
npti,emotion-only,original_text_entailment,(Full Oracle - Oracle Event) - (Oracle Emotion - Normal),1103,0.0017396326270347595,-0.02579303494578647,0.030248336268403227,5000,20260929
npti,concat-sum,emotion_accuracy,(Full Oracle - Oracle Event) - (Oracle Emotion - Normal),1103,0.0,-0.011786038077969175,0.012692656391659111,5000,20260929
npti,concat-sum,target_emotion_score,(Full Oracle - Oracle Event) - (Oracle Emotion - Normal),1103,-0.0035157839234952974,-0.010233693015903366,0.0030885512567526145,5000,20260929
npti,concat-sum,emotion_similarity,(Full Oracle - Oracle Event) - (Oracle Emotion - Normal),1103,-0.0001734022269783675,-0.008517605172434748,0.008498400403250004,5000,20260929
npti,concat-sum,original_text_entailment,(Full Oracle - Oracle Event) - (Oracle Emotion - Normal),1103,0.004480762549635419,-0.00922192154800128,0.018212200571840115,5000,20260929
npti,similarity-product,emotion_accuracy,(Full Oracle - Oracle Event) - (Oracle Emotion - Normal),1103,0.0009066183136899365,-0.011786038077969175,0.013599274705349048,5000,20260929
npti,similarity-product,target_emotion_score,(Full Oracle - Oracle Event) - (Oracle Emotion - Normal),1103,-0.002724719275025936,-0.009792881300459688,0.004336877472185793,5000,20260929
npti,similarity-product,emotion_similarity,(Full Oracle - Oracle Event) - (Oracle Emotion - Normal),1103,0.002774277578698216,-0.005662653913826142,0.011629167648236212,5000,20260929
npti,similarity-product,original_text_entailment,(Full Oracle - Oracle Event) - (Oracle Emotion - Normal),1103,0.004247996785227243,-0.008552371280350015,0.017435472940902984,5000,20260929
npti,two-stage,emotion_accuracy,(Full Oracle - Oracle Event) - (Oracle Emotion - Normal),1103,0.012692656391659111,0.0,0.02540797824116014,5000,20260929
npti,two-stage,target_emotion_score,(Full Oracle - Oracle Event) - (Oracle Emotion - Normal),1103,0.003512343250135684,-0.0038022101687936885,0.010984129362042693,5000,20260929
npti,two-stage,emotion_similarity,(Full Oracle - Oracle Event) - (Oracle Emotion - Normal),1103,0.007053727147710642,-0.0013032504380617292,0.015610505459086703,5000,20260929
npti,two-stage,original_text_entailment,(Full Oracle - Oracle Event) - (Oracle Emotion - Normal),1103,0.006202781936300476,-0.0071598191445683464,0.019509019892647184,5000,20260929
