emotion,train,test,total,train_percent,test_percent
admiration,1857,272,2129,0.26808142052836725,0.24660018132366274
amusement,996,149,1145,0.14378518839324383,0.13508612873980055
curiosity,845,162,1007,0.1219864299119388,0.1468721668177697
joy,519,81,600,0.07492420961455175,0.07343608340888486
confusion,516,86,602,0.07449112169770464,0.07796917497733455
sadness,536,85,621,0.07737837447668543,0.0770625566636446
disappointment,458,77,535,0.06611808863866031,0.06980961015412511
surprise,529,74,603,0.07636783600404215,0.06708975521305531
excitement,350,46,396,0.050526923632163996,0.04170444242973708
desire,183,50,233,0.026418362927674317,0.04533091568449683
embarrassment,138,21,159,0.01992204417496752,0.019038984587488667
