family,method,normal_emotion_accuracy,oracle_emotion_accuracy,emotion_accuracy_gain,normal_fact_consistency,oracle_fact_consistency,fact_consistency_change
multilayer,fact-only,0.43789664551223934,0.4732547597461469,0.035358114233907556,0.3651131503848705,0.36962965987347135,0.004516509488600828
multilayer,emotion-only,0.30371713508612874,0.5004533091568449,0.1967361740707162,0.2823118284516222,0.306624713655854,0.02431288520423175
multilayer,concat-sum,0.43608340888485947,0.4759746146872167,0.03989120580235722,0.362823643275709,0.3715843581707789,0.00876071489506991
multilayer,similarity-product,0.43608340888485947,0.4732547597461469,0.03717135086128742,0.3591916625730814,0.36937079349853735,0.01017913092545597
multilayer,two-stage,0.3925657298277425,0.4732547597461469,0.08068902991840438,0.3730111119768739,0.36962965987347135,-0.0033814521034025713
npti,fact-only,0.30099728014505894,0.3100634632819583,0.00906618313689933,0.38731023566215167,0.3911812065457826,0.00387097088363092
npti,emotion-only,0.24478694469628287,0.2937443336355394,0.04895738893925655,0.30108380427737014,0.304103609360703,0.0030198050833328827
npti,concat-sum,0.3019038984587489,0.314596554850408,0.012692656391659118,0.3883178135536315,0.3932560115544511,0.004938198000819627
npti,similarity-product,0.30099728014505894,0.31368993653671806,0.012692656391659118,0.3919928955120459,0.3947416255099249,0.002748729997879007
npti,two-stage,0.2901178603807797,0.3100634632819583,0.019945602901178583,0.3897141162107515,0.3911812065457826,0.0014670903350310627
