section,version,stage1_correct,stage2_correct,full_label,train_only_label,n,rate_of_all_queries
stage1_to_stage2_correctness,full_memory,1,1,,,690,0.6255666364460563
stage1_to_stage2_correctness,full_memory,1,0,,,207,0.18766999093381687
stage1_to_stage2_correctness,full_memory,0,1,,,13,0.011786038077969175
stage1_to_stage2_correctness,full_memory,0,0,,,193,0.17497733454215775
stage1_to_stage2_correctness,train_only,1,1,,,695,0.6300997280145059
stage1_to_stage2_correctness,train_only,1,0,,,202,0.18313689936536717
stage1_to_stage2_correctness,train_only,0,1,,,13,0.011786038077969175
stage1_to_stage2_correctness,train_only,0,0,,,193,0.17497733454215775
full_to_train_only_label,paired,,,admiration,admiration,261,0.23662737987307345
full_to_train_only_label,paired,,,admiration,disappointment,2,0.001813236627379873
full_to_train_only_label,paired,,,admiration,joy,1,0.0009066183136899365
full_to_train_only_label,paired,,,admiration,sadness,1,0.0009066183136899365
full_to_train_only_label,paired,,,amusement,amusement,141,0.12783318223028106
full_to_train_only_label,paired,,,confusion,confusion,74,0.06708975521305531
full_to_train_only_label,paired,,,confusion,curiosity,1,0.0009066183136899365
full_to_train_only_label,paired,,,curiosity,confusion,1,0.0009066183136899365
full_to_train_only_label,paired,,,curiosity,curiosity,166,0.15049864007252947
full_to_train_only_label,paired,,,desire,desire,56,0.050770625566636446
full_to_train_only_label,paired,,,desire,excitement,1,0.0009066183136899365
full_to_train_only_label,paired,,,disappointment,curiosity,1,0.0009066183136899365
full_to_train_only_label,paired,,,disappointment,desire,2,0.001813236627379873
full_to_train_only_label,paired,,,disappointment,disappointment,82,0.0743427017225748
full_to_train_only_label,paired,,,disappointment,sadness,3,0.0027198549410698096
full_to_train_only_label,paired,,,embarrassment,embarrassment,20,0.01813236627379873
full_to_train_only_label,paired,,,excitement,curiosity,1,0.0009066183136899365
full_to_train_only_label,paired,,,excitement,excitement,80,0.07252946509519492
full_to_train_only_label,paired,,,excitement,joy,5,0.004533091568449683
full_to_train_only_label,paired,,,joy,admiration,1,0.0009066183136899365
full_to_train_only_label,paired,,,joy,amusement,1,0.0009066183136899365
full_to_train_only_label,paired,,,joy,excitement,5,0.004533091568449683
full_to_train_only_label,paired,,,joy,joy,68,0.061650045330915684
full_to_train_only_label,paired,,,sadness,disappointment,5,0.004533091568449683
full_to_train_only_label,paired,,,sadness,sadness,68,0.061650045330915684
full_to_train_only_label,paired,,,surprise,surprise,56,0.050770625566636446
