method,state,n,emotion_accuracy,target_emotion_score,fact_consistency
fact-only,Event+ Affect+,790,0.4620253164556962,0.4298302974939476,0.37560187749738905
fact-only,Event+ Affect-,0,,,
fact-only,Event- Affect+,107,0.719626168224299,0.6392830944300203,0.395235423465756
fact-only,Event- Affect-,206,0.19902912621359223,0.2122699129666446,0.3092433560230047
emotion-only,Event+ Affect+,49,0.5306122448979592,0.45114832341062777,0.5604356908790615
emotion-only,Event+ Affect-,0,,,
emotion-only,Event- Affect+,267,0.6367041198501873,0.570983650652894,0.3417287714852845
emotion-only,Event- Affect-,787,0.17662007623888182,0.19413496309654962,0.2448373773093956
concat-sum,Event+ Affect+,796,0.46733668341708545,0.4309455138426707,0.3756978082159887
concat-sum,Event+ Affect-,0,,,
concat-sum,Event- Affect+,113,0.7079646017699115,0.6238212049269093,0.3942033448522479
concat-sum,Event- Affect-,194,0.14948453608247422,0.17485562906439714,0.29172188260245374
similarity-product,Event+ Affect+,795,0.46540880503144655,0.4313176438035209,0.3762643397964007
similarity-product,Event+ Affect-,0,,,
similarity-product,Event- Affect+,111,0.7207207207207207,0.6349534646572277,0.40566051584336255
similarity-product,Event- Affect-,197,0.15736040609137056,0.17966820072674614,0.264111352392675
two-stage,Event+ Affect+,591,0.48392554991539766,0.45546171968084226,0.3926412330814988
two-stage,Event+ Affect-,199,0.135678391959799,0.17102588980865838,0.3656918836186652
two-stage,Event- Affect+,112,0.7232142857142857,0.6412221459707196,0.4162266334598956
two-stage,Event- Affect-,201,0.19402985074626866,0.20192218939101889,0.29845880582937057
